[{"coddep":1,"codmun":101,"departamento":"Guatemala","municipio_norm":"Guatemala"},{"coddep":1,"codmun":102,"departamento":"Guatemala","municipio_norm":"Santa Catarina Pinula"},{"coddep":1,"codmun":103,"departamento":"Guatemala","municipio_norm":"San Jos\u00e9 Pinula"},{"coddep":1,"codmun":104,"departamento":"Guatemala","municipio_norm":"San Jos\u00e9 Del Golfo"},{"coddep":1,"codmun":105,"departamento":"Guatemala","municipio_norm":"Palencia"},{"coddep":1,"codmun":106,"departamento":"Guatemala","municipio_norm":"Chinautla"},{"coddep":1,"codmun":107,"departamento":"Guatemala","municipio_norm":"San Pedro Ayampuc"},{"coddep":1,"codmun":108,"departamento":"Guatemala","municipio_norm":"Mixco"},{"coddep":1,"codmun":109,"departamento":"Guatemala","municipio_norm":"San Pedro Sacatep\u00e9quez"},{"coddep":1,"codmun":110,"departamento":"Guatemala","municipio_norm":"San Juan Sacatep\u00e9quez"},{"coddep":1,"codmun":111,"departamento":"Guatemala","municipio_norm":"San Raymundo"},{"coddep":1,"codmun":112,"departamento":"Guatemala","municipio_norm":"Chuarrancho"},{"coddep":1,"codmun":113,"departamento":"Guatemala","municipio_norm":"Fraijanes"},{"coddep":1,"codmun":114,"departamento":"Guatemala","municipio_norm":"Amatitl\u00e1n"},{"coddep":1,"codmun":115,"departamento":"Guatemala","municipio_norm":"Villa Nueva"},{"coddep":1,"codmun":116,"departamento":"Guatemala","municipio_norm":"Villa Canales"},{"coddep":1,"codmun":117,"departamento":"Guatemala","municipio_norm":"Petapa"},{"coddep":2,"codmun":201,"departamento":"El Progreso","municipio_norm":"Guastatoya"},{"coddep":2,"codmun":202,"departamento":"El Progreso","municipio_norm":"Moraz\u00e1n"},{"coddep":2,"codmun":203,"departamento":"El Progreso","municipio_norm":"San Agust\u00edn Acasaguastl\u00e1n"},{"coddep":2,"codmun":204,"departamento":"El Progreso","municipio_norm":"San Crist\u00f3bal Acasaguastl\u00e1n"},{"coddep":2,"codmun":205,"departamento":"El Progreso","municipio_norm":"El J\u00edcaro"},{"coddep":2,"codmun":206,"departamento":"El Progreso","municipio_norm":"Sansare"},{"coddep":2,"codmun":207,"departamento":"El Progreso","municipio_norm":"Sanarate"},{"coddep":2,"codmun":208,"departamento":"El Progreso","municipio_norm":"San Antonio La Paz"},{"coddep":3,"codmun":301,"departamento":"Sacatep\u00e9quez","municipio_norm":"Antigua Guatemala"},{"coddep":3,"codmun":302,"departamento":"Sacatep\u00e9quez","municipio_norm":"Jocotenango"},{"coddep":3,"codmun":303,"departamento":"Sacatep\u00e9quez","municipio_norm":"Pastores"},{"coddep":3,"codmun":304,"departamento":"Sacatep\u00e9quez","municipio_norm":"Sumpango"},{"coddep":3,"codmun":305,"departamento":"Sacatep\u00e9quez","municipio_norm":"Santo Domingo Xenacoj"},{"coddep":3,"codmun":306,"departamento":"Sacatep\u00e9quez","municipio_norm":"Santiago Sacatep\u00e9quez"},{"coddep":3,"codmun":307,"departamento":"Sacatep\u00e9quez","municipio_norm":"San Bartolom\u00e9 Milpas Altas"},{"coddep":3,"codmun":308,"departamento":"Sacatep\u00e9quez","municipio_norm":"San Lucas Sacatep\u00e9quez"},{"coddep":3,"codmun":309,"departamento":"Sacatep\u00e9quez","municipio_norm":"Santa Luc\u00eda Milpas Altas"},{"coddep":3,"codmun":310,"departamento":"Sacatep\u00e9quez","municipio_norm":"Magdalena Milpas Altas"},{"coddep":3,"codmun":311,"departamento":"Sacatep\u00e9quez","municipio_norm":"Santa Mar\u00eda De Jes\u00fas"},{"coddep":3,"codmun":312,"departamento":"Sacatep\u00e9quez","municipio_norm":"Ciudad Vieja"},{"coddep":3,"codmun":313,"departamento":"Sacatep\u00e9quez","municipio_norm":"San Miguel Due\u00f1as"},{"coddep":3,"codmun":314,"departamento":"Sacatep\u00e9quez","municipio_norm":"Alotenango"},{"coddep":3,"codmun":315,"departamento":"Sacatep\u00e9quez","municipio_norm":"San Antonio Aguas Calientes"},{"coddep":3,"codmun":316,"departamento":"Sacatep\u00e9quez","municipio_norm":"Santa Catarina Barahona"},{"coddep":4,"codmun":401,"departamento":"Chimaltenango","municipio_norm":"Chimaltenango"},{"coddep":4,"codmun":402,"departamento":"Chimaltenango","municipio_norm":"San Jos\u00e9 Poaquil"},{"coddep":4,"codmun":403,"departamento":"Chimaltenango","municipio_norm":"San Mart\u00edn Jilotepeque"},{"coddep":4,"codmun":404,"departamento":"Chimaltenango","municipio_norm":"Comalapa"},{"coddep":4,"codmun":405,"departamento":"Chimaltenango","municipio_norm":"Santa Apolonia"},{"coddep":4,"codmun":406,"departamento":"Chimaltenango","municipio_norm":"Tecp\u00e1n"},{"coddep":4,"codmun":407,"departamento":"Chimaltenango","municipio_norm":"Patz\u00fan"},{"coddep":4,"codmun":408,"departamento":"Chimaltenango","municipio_norm":"Pochuta"},{"coddep":4,"codmun":409,"departamento":"Chimaltenango","municipio_norm":"Patzic\u00eda"},{"coddep":4,"codmun":410,"departamento":"Chimaltenango","municipio_norm":"Santa Cruz Balany\u00e1"},{"coddep":4,"codmun":411,"departamento":"Chimaltenango","municipio_norm":"Acatenango"},{"coddep":4,"codmun":412,"departamento":"Chimaltenango","municipio_norm":"Yepocapa"},{"coddep":4,"codmun":413,"departamento":"Chimaltenango","municipio_norm":"San Andr\u00e9s Itzapa"},{"coddep":4,"codmun":414,"departamento":"Chimaltenango","municipio_norm":"Parramos"},{"coddep":4,"codmun":415,"departamento":"Chimaltenango","municipio_norm":"Zaragoza"},{"coddep":4,"codmun":416,"departamento":"Chimaltenango","municipio_norm":"El Tejar"},{"coddep":5,"codmun":501,"departamento":"Escuintla","municipio_norm":"Escuintla"},{"coddep":5,"codmun":502,"departamento":"Escuintla","municipio_norm":"Santa Luc\u00eda Cotzumalguapa"},{"coddep":5,"codmun":503,"departamento":"Escuintla","municipio_norm":"La Democracia"},{"coddep":5,"codmun":504,"departamento":"Escuintla","municipio_norm":"Siquinal\u00e1"},{"coddep":5,"codmun":505,"departamento":"Escuintla","municipio_norm":"Masagua"},{"coddep":5,"codmun":506,"departamento":"Escuintla","municipio_norm":"Tiquisate"},{"coddep":5,"codmun":507,"departamento":"Escuintla","municipio_norm":"La Gomera"},{"coddep":5,"codmun":508,"departamento":"Escuintla","municipio_norm":"Guanagazapa"},{"coddep":5,"codmun":509,"departamento":"Escuintla","municipio_norm":"San Jos\u00e9"},{"coddep":5,"codmun":510,"departamento":"Escuintla","municipio_norm":"Iztapa"},{"coddep":5,"codmun":511,"departamento":"Escuintla","municipio_norm":"Pal\u00edn"},{"coddep":5,"codmun":512,"departamento":"Escuintla","municipio_norm":"San Vicente Pacaya"},{"coddep":5,"codmun":513,"departamento":"Escuintla","municipio_norm":"Nueva Concepci\u00f3n"},{"coddep":5,"codmun":514,"departamento":"Escuintla","municipio_norm":"Sipacate"},{"coddep":6,"codmun":601,"departamento":"Santa Rosa","municipio_norm":"Cuilapa"},{"coddep":6,"codmun":602,"departamento":"Santa Rosa","municipio_norm":"Barberena"},{"coddep":6,"codmun":603,"departamento":"Santa Rosa","municipio_norm":"Santa Rosa De Lima"},{"coddep":6,"codmun":604,"departamento":"Santa Rosa","municipio_norm":"Casillas"},{"coddep":6,"codmun":605,"departamento":"Santa Rosa","municipio_norm":"San Rafael Las Flores"},{"coddep":6,"codmun":606,"departamento":"Santa Rosa","municipio_norm":"Oratorio"},{"coddep":6,"codmun":607,"departamento":"Santa Rosa","municipio_norm":"San Juan Tecuaco"},{"coddep":6,"codmun":608,"departamento":"Santa Rosa","municipio_norm":"Chiquimulilla"},{"coddep":6,"codmun":609,"departamento":"Santa Rosa","municipio_norm":"Taxisco"},{"coddep":6,"codmun":610,"departamento":"Santa Rosa","municipio_norm":"Santa Mar\u00eda Ixhuat\u00e1n"},{"coddep":6,"codmun":611,"departamento":"Santa Rosa","municipio_norm":"Guazacap\u00e1n"},{"coddep":6,"codmun":612,"departamento":"Santa Rosa","municipio_norm":"Santa Cruz Naranjo"},{"coddep":6,"codmun":613,"departamento":"Santa Rosa","municipio_norm":"Pueblo Nuevo Vi\u00f1as"},{"coddep":6,"codmun":614,"departamento":"Santa Rosa","municipio_norm":"Nueva Santa Rosa"},{"coddep":7,"codmun":701,"departamento":"Solol\u00e1","municipio_norm":"Solol\u00e1"},{"coddep":7,"codmun":702,"departamento":"Solol\u00e1","municipio_norm":"San Jos\u00e9 Chacay\u00e1"},{"coddep":7,"codmun":703,"departamento":"Solol\u00e1","municipio_norm":"Santa Mar\u00eda Visitaci\u00f3n"},{"coddep":7,"codmun":704,"departamento":"Solol\u00e1","municipio_norm":"Santa Luc\u00eda Utatl\u00e1n"},{"coddep":7,"codmun":705,"departamento":"Solol\u00e1","municipio_norm":"Nahual\u00e1"},{"coddep":7,"codmun":706,"departamento":"Solol\u00e1","municipio_norm":"Santa Catarina Ixtahuac\u00e1n"},{"coddep":7,"codmun":707,"departamento":"Solol\u00e1","municipio_norm":"Santa Clara La Laguna"},{"coddep":7,"codmun":708,"departamento":"Solol\u00e1","municipio_norm":"Concepci\u00f3n"},{"coddep":7,"codmun":709,"departamento":"Solol\u00e1","municipio_norm":"San Andr\u00e9s Semetabaj"},{"coddep":7,"codmun":710,"departamento":"Solol\u00e1","municipio_norm":"Panajachel"},{"coddep":7,"codmun":711,"departamento":"Solol\u00e1","municipio_norm":"Santa Catarina Palop\u00f3"},{"coddep":7,"codmun":712,"departamento":"Solol\u00e1","municipio_norm":"San Antonio Palop\u00f3"},{"coddep":7,"codmun":713,"departamento":"Solol\u00e1","municipio_norm":"San Lucas Tolim\u00e1n"},{"coddep":7,"codmun":714,"departamento":"Solol\u00e1","municipio_norm":"Santa Cruz La Laguna"},{"coddep":7,"codmun":715,"departamento":"Solol\u00e1","municipio_norm":"San Pablo La Laguna"},{"coddep":7,"codmun":716,"departamento":"Solol\u00e1","municipio_norm":"San Marcos La Laguna"},{"coddep":7,"codmun":717,"departamento":"Solol\u00e1","municipio_norm":"San Juan La Laguna"},{"coddep":7,"codmun":718,"departamento":"Solol\u00e1","municipio_norm":"San Pedro La Laguna"},{"coddep":7,"codmun":719,"departamento":"Solol\u00e1","municipio_norm":"Santiago Atitl\u00e1n"},{"coddep":8,"codmun":801,"departamento":"Totonicap\u00e1n","municipio_norm":"Totonicap\u00e1n"},{"coddep":8,"codmun":802,"departamento":"Totonicap\u00e1n","municipio_norm":"San Crist\u00f3bal Totonicap\u00e1n"},{"coddep":8,"codmun":803,"departamento":"Totonicap\u00e1n","municipio_norm":"San Francisco El Alto"},{"coddep":8,"codmun":804,"departamento":"Totonicap\u00e1n","municipio_norm":"San Andr\u00e9s Xecul"},{"coddep":8,"codmun":805,"departamento":"Totonicap\u00e1n","municipio_norm":"Momostenango"},{"coddep":8,"codmun":806,"departamento":"Totonicap\u00e1n","municipio_norm":"Santa Mar\u00eda Chiquimula"},{"coddep":8,"codmun":807,"departamento":"Totonicap\u00e1n","municipio_norm":"Santa Luc\u00eda La Reforma"},{"coddep":8,"codmun":808,"departamento":"Totonicap\u00e1n","municipio_norm":"San Bartolo"},{"coddep":9,"codmun":901,"departamento":"Quetzaltenango","municipio_norm":"Quetzaltenango"},{"coddep":9,"codmun":902,"departamento":"Quetzaltenango","municipio_norm":"Salcaj\u00e1"},{"coddep":9,"codmun":903,"departamento":"Quetzaltenango","municipio_norm":"Olintepeque"},{"coddep":9,"codmun":904,"departamento":"Quetzaltenango","municipio_norm":"San Carlos Sija"},{"coddep":9,"codmun":905,"departamento":"Quetzaltenango","municipio_norm":"Sibilia"},{"coddep":9,"codmun":906,"departamento":"Quetzaltenango","municipio_norm":"Cabric\u00e1n"},{"coddep":9,"codmun":907,"departamento":"Quetzaltenango","municipio_norm":"Cajol\u00e1"},{"coddep":9,"codmun":908,"departamento":"Quetzaltenango","municipio_norm":"San Miguel Sig\u00fcil\u00e1"},{"coddep":9,"codmun":909,"departamento":"Quetzaltenango","municipio_norm":"Ostuncalco"},{"coddep":9,"codmun":910,"departamento":"Quetzaltenango","municipio_norm":"San Mateo"},{"coddep":9,"codmun":911,"departamento":"Quetzaltenango","municipio_norm":"Concepci\u00f3n Chiquirichapa"},{"coddep":9,"codmun":912,"departamento":"Quetzaltenango","municipio_norm":"San Mart\u00edn Sacatep\u00e9quez"},{"coddep":9,"codmun":913,"departamento":"Quetzaltenango","municipio_norm":"Almolonga"},{"coddep":9,"codmun":914,"departamento":"Quetzaltenango","municipio_norm":"Cantel"},{"coddep":9,"codmun":915,"departamento":"Quetzaltenango","municipio_norm":"Huit\u00e1n"},{"coddep":9,"codmun":916,"departamento":"Quetzaltenango","municipio_norm":"Zunil"},{"coddep":9,"codmun":917,"departamento":"Quetzaltenango","municipio_norm":"Colomba"},{"coddep":9,"codmun":918,"departamento":"Quetzaltenango","municipio_norm":"San Francisco La Uni\u00f3n"},{"coddep":9,"codmun":919,"departamento":"Quetzaltenango","municipio_norm":"El Palmar"},{"coddep":9,"codmun":920,"departamento":"Quetzaltenango","municipio_norm":"Coatepeque"},{"coddep":9,"codmun":921,"departamento":"Quetzaltenango","municipio_norm":"G\u00e9nova"},{"coddep":9,"codmun":922,"departamento":"Quetzaltenango","municipio_norm":"Flores Costa Cuca"},{"coddep":9,"codmun":923,"departamento":"Quetzaltenango","municipio_norm":"La Esperanza"},{"coddep":9,"codmun":924,"departamento":"Quetzaltenango","municipio_norm":"Palestina De Los Altos"},{"coddep":10,"codmun":1001,"departamento":"Suchitep\u00e9quez","municipio_norm":"Mazatenango"},{"coddep":10,"codmun":1002,"departamento":"Suchitep\u00e9quez","municipio_norm":"Cuyotenango"},{"coddep":10,"codmun":1003,"departamento":"Suchitep\u00e9quez","municipio_norm":"San Francisco Zapotitl\u00e1n"},{"coddep":10,"codmun":1004,"departamento":"Suchitep\u00e9quez","municipio_norm":"San Bernardino"},{"coddep":10,"codmun":1005,"departamento":"Suchitep\u00e9quez","municipio_norm":"San Jos\u00e9 El \u00cddolo"},{"coddep":10,"codmun":1006,"departamento":"Suchitep\u00e9quez","municipio_norm":"Santo Domingo Suchitep\u00e9quez"},{"coddep":10,"codmun":1007,"departamento":"Suchitep\u00e9quez","municipio_norm":"San Lorenzo"},{"coddep":10,"codmun":1008,"departamento":"Suchitep\u00e9quez","municipio_norm":"Samayac"},{"coddep":10,"codmun":1009,"departamento":"Suchitep\u00e9quez","municipio_norm":"San Pablo Jocopilas"},{"coddep":10,"codmun":1010,"departamento":"Suchitep\u00e9quez","municipio_norm":"San Antonio Suchitep\u00e9quez"},{"coddep":10,"codmun":1011,"departamento":"Suchitep\u00e9quez","municipio_norm":"San Miguel Pan\u00e1n"},{"coddep":10,"codmun":1012,"departamento":"Suchitep\u00e9quez","municipio_norm":"San Gabriel"},{"coddep":10,"codmun":1013,"departamento":"Suchitep\u00e9quez","municipio_norm":"Chicacao"},{"coddep":10,"codmun":1014,"departamento":"Suchitep\u00e9quez","municipio_norm":"Patulul"},{"coddep":10,"codmun":1015,"departamento":"Suchitep\u00e9quez","municipio_norm":"Santa B\u00e1rbara"},{"coddep":10,"codmun":1016,"departamento":"Suchitep\u00e9quez","municipio_norm":"San Juan Bautista"},{"coddep":10,"codmun":1017,"departamento":"Suchitep\u00e9quez","municipio_norm":"Santo Tom\u00e1s La Uni\u00f3n"},{"coddep":10,"codmun":1018,"departamento":"Suchitep\u00e9quez","municipio_norm":"Zunilito"},{"coddep":10,"codmun":1019,"departamento":"Suchitep\u00e9quez","municipio_norm":"Pueblo Nuevo"},{"coddep":10,"codmun":1020,"departamento":"Suchitep\u00e9quez","municipio_norm":"R\u00edo Bravo"},{"coddep":10,"codmun":1021,"departamento":"Suchitep\u00e9quez","municipio_norm":"San Jos\u00e9 La M\u00e1quina"},{"coddep":11,"codmun":1101,"departamento":"Retalhuleu","municipio_norm":"Retalhuleu"},{"coddep":11,"codmun":1102,"departamento":"Retalhuleu","municipio_norm":"San Sebasti\u00e1n"},{"coddep":11,"codmun":1103,"departamento":"Retalhuleu","municipio_norm":"Santa Cruz Mulu\u00e1"},{"coddep":11,"codmun":1104,"departamento":"Retalhuleu","municipio_norm":"San Mart\u00edn Zapotitl\u00e1n"},{"coddep":11,"codmun":1105,"departamento":"Retalhuleu","municipio_norm":"San Felipe"},{"coddep":11,"codmun":1106,"departamento":"Retalhuleu","municipio_norm":"San Andr\u00e9s Villa Seca"},{"coddep":11,"codmun":1107,"departamento":"Retalhuleu","municipio_norm":"Champerico"},{"coddep":11,"codmun":1108,"departamento":"Retalhuleu","municipio_norm":"Nuevo San Carlos"},{"coddep":11,"codmun":1109,"departamento":"Retalhuleu","municipio_norm":"El Asintal"},{"coddep":12,"codmun":1201,"departamento":"San Marcos","municipio_norm":"San Marcos"},{"coddep":12,"codmun":1202,"departamento":"San Marcos","municipio_norm":"San Pedro Sacatep\u00e9quez"},{"coddep":12,"codmun":1203,"departamento":"San Marcos","municipio_norm":"San Antonio Sacatep\u00e9quez"},{"coddep":12,"codmun":1204,"departamento":"San Marcos","municipio_norm":"Comitancillo"},{"coddep":12,"codmun":1205,"departamento":"San Marcos","municipio_norm":"San Miguel Ixtahuac\u00e1n"},{"coddep":12,"codmun":1206,"departamento":"San Marcos","municipio_norm":"Concepci\u00f3n Tutuapa"},{"coddep":12,"codmun":1207,"departamento":"San Marcos","municipio_norm":"Tacan\u00e1"},{"coddep":12,"codmun":1208,"departamento":"San Marcos","municipio_norm":"San Sibinal"},{"coddep":12,"codmun":1209,"departamento":"San Marcos","municipio_norm":"Tajumulco"},{"coddep":12,"codmun":1210,"departamento":"San Marcos","municipio_norm":"Tejutla"},{"coddep":12,"codmun":1211,"departamento":"San Marcos","municipio_norm":"San Rafael Pie De La Cuesta"},{"coddep":12,"codmun":1212,"departamento":"San Marcos","municipio_norm":"Nuevo Progreso"},{"coddep":12,"codmun":1213,"departamento":"San Marcos","municipio_norm":"El Tumbador"},{"coddep":12,"codmun":1214,"departamento":"San Marcos","municipio_norm":"El Rodeo"},{"coddep":12,"codmun":1215,"departamento":"San Marcos","municipio_norm":"Malacat\u00e1n"},{"coddep":12,"codmun":1216,"departamento":"San Marcos","municipio_norm":"Catarina"},{"coddep":12,"codmun":1217,"departamento":"San Marcos","municipio_norm":"Ayutla"},{"coddep":12,"codmun":1218,"departamento":"San Marcos","municipio_norm":"Oc\u00f3s"},{"coddep":12,"codmun":1219,"departamento":"San Marcos","municipio_norm":"San Pablo"},{"coddep":12,"codmun":1220,"departamento":"San Marcos","municipio_norm":"El Quetzal"},{"coddep":12,"codmun":1221,"departamento":"San Marcos","municipio_norm":"La Reforma"},{"coddep":12,"codmun":1222,"departamento":"San Marcos","municipio_norm":"Pajapita"},{"coddep":12,"codmun":1223,"departamento":"San Marcos","municipio_norm":"Ixchigu\u00e1n"},{"coddep":12,"codmun":1224,"departamento":"San Marcos","municipio_norm":"San Jos\u00e9 Ojetenam"},{"coddep":12,"codmun":1225,"departamento":"San Marcos","municipio_norm":"San Crist\u00f3bal Cucho"},{"coddep":12,"codmun":1226,"departamento":"San Marcos","municipio_norm":"Sipacapa"},{"coddep":12,"codmun":1227,"departamento":"San Marcos","municipio_norm":"Esquipulas Palo Gordo"},{"coddep":12,"codmun":1228,"departamento":"San Marcos","municipio_norm":"R\u00edo Blanco"},{"coddep":12,"codmun":1229,"departamento":"San Marcos","municipio_norm":"San Lorenzo"},{"coddep":12,"codmun":1230,"departamento":"San Marcos","municipio_norm":"La Blanca"},{"coddep":13,"codmun":1301,"departamento":"Huehuetenango","municipio_norm":"Huehuetenango"},{"coddep":13,"codmun":1302,"departamento":"Huehuetenango","municipio_norm":"Chiantla"},{"coddep":13,"codmun":1303,"departamento":"Huehuetenango","municipio_norm":"Malacatancito"},{"coddep":13,"codmun":1304,"departamento":"Huehuetenango","municipio_norm":"Cuilco"},{"coddep":13,"codmun":1305,"departamento":"Huehuetenango","municipio_norm":"Nent\u00f3n"},{"coddep":13,"codmun":1306,"departamento":"Huehuetenango","municipio_norm":"San Pedro Necta"},{"coddep":13,"codmun":1307,"departamento":"Huehuetenango","municipio_norm":"Jacaltenango"},{"coddep":13,"codmun":1308,"departamento":"Huehuetenango","municipio_norm":"Soloma"},{"coddep":13,"codmun":1309,"departamento":"Huehuetenango","municipio_norm":"San Ildefonso Ixtahuac\u00e1n"},{"coddep":13,"codmun":1310,"departamento":"Huehuetenango","municipio_norm":"Santa B\u00e1rbara"},{"coddep":13,"codmun":1311,"departamento":"Huehuetenango","municipio_norm":"La Libertad"},{"coddep":13,"codmun":1312,"departamento":"Huehuetenango","municipio_norm":"La Democracia"},{"coddep":13,"codmun":1313,"departamento":"Huehuetenango","municipio_norm":"San Miguel Acat\u00e1n"},{"coddep":13,"codmun":1314,"departamento":"Huehuetenango","municipio_norm":"San Rafael La Independencia"},{"coddep":13,"codmun":1315,"departamento":"Huehuetenango","municipio_norm":"Todos Santos Cuchumat\u00e1n"},{"coddep":13,"codmun":1316,"departamento":"Huehuetenango","municipio_norm":"San Juan Atit\u00e1n"},{"coddep":13,"codmun":1317,"departamento":"Huehuetenango","municipio_norm":"Santa Eulalia"},{"coddep":13,"codmun":1318,"departamento":"Huehuetenango","municipio_norm":"San Mateo Ixtat\u00e1n"},{"coddep":13,"codmun":1319,"departamento":"Huehuetenango","municipio_norm":"Colotenango"},{"coddep":13,"codmun":1320,"departamento":"Huehuetenango","municipio_norm":"San Sebasti\u00e1n Huehuetenango"},{"coddep":13,"codmun":1321,"departamento":"Huehuetenango","municipio_norm":"Tectit\u00e1n"},{"coddep":13,"codmun":1322,"departamento":"Huehuetenango","municipio_norm":"Concepci\u00f3n Huista"},{"coddep":13,"codmun":1323,"departamento":"Huehuetenango","municipio_norm":"San Juan Ixcoy"},{"coddep":13,"codmun":1324,"departamento":"Huehuetenango","municipio_norm":"San Antonio Huista"},{"coddep":13,"codmun":1325,"departamento":"Huehuetenango","municipio_norm":"San Sebasti\u00e1n Coat\u00e1n"},{"coddep":13,"codmun":1326,"departamento":"Huehuetenango","municipio_norm":"Santa Cruz Barillas"},{"coddep":13,"codmun":1327,"departamento":"Huehuetenango","municipio_norm":"Aguacat\u00e1n"},{"coddep":13,"codmun":1328,"departamento":"Huehuetenango","municipio_norm":"San Rafael Petzal"},{"coddep":13,"codmun":1329,"departamento":"Huehuetenango","municipio_norm":"San Gaspar Ixchil"},{"coddep":13,"codmun":1330,"departamento":"Huehuetenango","municipio_norm":"Santiago Chimaltenango"},{"coddep":13,"codmun":1331,"departamento":"Huehuetenango","municipio_norm":"Santa Ana Huista"},{"coddep":13,"codmun":1332,"departamento":"Huehuetenango","municipio_norm":"Uni\u00f3n Cantinil"},{"coddep":13,"codmun":1333,"departamento":"Huehuetenango","municipio_norm":"Petat\u00e1n"},{"coddep":14,"codmun":1401,"departamento":"Quich\u00e9","municipio_norm":"Santa Cruz Del Quich\u00e9"},{"coddep":14,"codmun":1402,"departamento":"Quich\u00e9","municipio_norm":"Chich\u00e9"},{"coddep":14,"codmun":1403,"departamento":"Quich\u00e9","municipio_norm":"Chinique"},{"coddep":14,"codmun":1404,"departamento":"Quich\u00e9","municipio_norm":"Zacualpa"},{"coddep":14,"codmun":1405,"departamento":"Quich\u00e9","municipio_norm":"Chajul"},{"coddep":14,"codmun":1406,"departamento":"Quich\u00e9","municipio_norm":"Chichicastenango"},{"coddep":14,"codmun":1407,"departamento":"Quich\u00e9","municipio_norm":"Patzit\u00e9"},{"coddep":14,"codmun":1408,"departamento":"Quich\u00e9","municipio_norm":"San Antonio Ilotenango"},{"coddep":14,"codmun":1409,"departamento":"Quich\u00e9","municipio_norm":"San Pedro Jocopilas"},{"coddep":14,"codmun":1410,"departamento":"Quich\u00e9","municipio_norm":"Cun\u00e9n"},{"coddep":14,"codmun":1411,"departamento":"Quich\u00e9","municipio_norm":"San Juan Cotzal"},{"coddep":14,"codmun":1412,"departamento":"Quich\u00e9","municipio_norm":"Joyabaj"},{"coddep":14,"codmun":1413,"departamento":"Quich\u00e9","municipio_norm":"Nebaj"},{"coddep":14,"codmun":1414,"departamento":"Quich\u00e9","municipio_norm":"San Andr\u00e9s Sajcabaj\u00e1"},{"coddep":14,"codmun":1415,"departamento":"Quich\u00e9","municipio_norm":"Uspant\u00e1n"},{"coddep":14,"codmun":1416,"departamento":"Quich\u00e9","municipio_norm":"Sacapulas"},{"coddep":14,"codmun":1417,"departamento":"Quich\u00e9","municipio_norm":"San Bartolom\u00e9 Jocotenango"},{"coddep":14,"codmun":1418,"departamento":"Quich\u00e9","municipio_norm":"Canill\u00e1"},{"coddep":14,"codmun":1419,"departamento":"Quich\u00e9","municipio_norm":"Chicam\u00e1n"},{"coddep":14,"codmun":1420,"departamento":"Quich\u00e9","municipio_norm":"Ixc\u00e1n"},{"coddep":14,"codmun":1421,"departamento":"Quich\u00e9","municipio_norm":"Pachalum"},{"coddep":15,"codmun":1501,"departamento":"Baja Verapaz","municipio_norm":"Salam\u00e1"},{"coddep":15,"codmun":1502,"departamento":"Baja Verapaz","municipio_norm":"San Miguel Chicaj"},{"coddep":15,"codmun":1503,"departamento":"Baja Verapaz","municipio_norm":"Rabinal"},{"coddep":15,"codmun":1504,"departamento":"Baja Verapaz","municipio_norm":"Cubulco"},{"coddep":15,"codmun":1505,"departamento":"Baja Verapaz","municipio_norm":"Granados"},{"coddep":15,"codmun":1506,"departamento":"Baja Verapaz","municipio_norm":"El Chol"},{"coddep":15,"codmun":1507,"departamento":"Baja Verapaz","municipio_norm":"San Jer\u00f3nimo"},{"coddep":15,"codmun":1508,"departamento":"Baja Verapaz","municipio_norm":"Purulh\u00e1"},{"coddep":16,"codmun":1601,"departamento":"Alta Verapaz","municipio_norm":"Cob\u00e1n"},{"coddep":16,"codmun":1602,"departamento":"Alta Verapaz","municipio_norm":"Santa Cruz Verapaz"},{"coddep":16,"codmun":1603,"departamento":"Alta Verapaz","municipio_norm":"San Crist\u00f3bal Verapaz"},{"coddep":16,"codmun":1604,"departamento":"Alta Verapaz","municipio_norm":"Tactic"},{"coddep":16,"codmun":1605,"departamento":"Alta Verapaz","municipio_norm":"Tamah\u00fa"},{"coddep":16,"codmun":1606,"departamento":"Alta Verapaz","municipio_norm":"Tucur\u00fa"},{"coddep":16,"codmun":1607,"departamento":"Alta Verapaz","municipio_norm":"Panz\u00f3s"},{"coddep":16,"codmun":1608,"departamento":"Alta Verapaz","municipio_norm":"Senah\u00fa"},{"coddep":16,"codmun":1609,"departamento":"Alta Verapaz","municipio_norm":"San Pedro Carch\u00e1"},{"coddep":16,"codmun":1610,"departamento":"Alta Verapaz","municipio_norm":"San Juan Chamelco"},{"coddep":16,"codmun":1611,"departamento":"Alta Verapaz","municipio_norm":"Lanqu\u00edn"},{"coddep":16,"codmun":1612,"departamento":"Alta Verapaz","municipio_norm":"Santa Mar\u00eda Cahab\u00f3n"},{"coddep":16,"codmun":1613,"departamento":"Alta Verapaz","municipio_norm":"Chisec"},{"coddep":16,"codmun":1614,"departamento":"Alta Verapaz","municipio_norm":"Chahal"},{"coddep":16,"codmun":1615,"departamento":"Alta Verapaz","municipio_norm":"Fray Bartolom\u00e9 De Las Casas"},{"coddep":16,"codmun":1616,"departamento":"Alta Verapaz","municipio_norm":"Santa Catalina La Tinta"},{"coddep":16,"codmun":1617,"departamento":"Alta Verapaz","municipio_norm":"Raxruh\u00e1"},{"coddep":17,"codmun":1701,"departamento":"Pet\u00e9n","municipio_norm":"Flores"},{"coddep":17,"codmun":1702,"departamento":"Pet\u00e9n","municipio_norm":"San Jos\u00e9"},{"coddep":17,"codmun":1703,"departamento":"Pet\u00e9n","municipio_norm":"San Benito"},{"coddep":17,"codmun":1704,"departamento":"Pet\u00e9n","municipio_norm":"San Andr\u00e9s"},{"coddep":17,"codmun":1705,"departamento":"Pet\u00e9n","municipio_norm":"La Libertad"},{"coddep":17,"codmun":1706,"departamento":"Pet\u00e9n","municipio_norm":"San Francisco"},{"coddep":17,"codmun":1707,"departamento":"Pet\u00e9n","municipio_norm":"Santa Ana"},{"coddep":17,"codmun":1708,"departamento":"Pet\u00e9n","municipio_norm":"Dolores"},{"coddep":17,"codmun":1709,"departamento":"Pet\u00e9n","municipio_norm":"San Luis"},{"coddep":17,"codmun":1710,"departamento":"Pet\u00e9n","municipio_norm":"Sayaxch\u00e9"},{"coddep":17,"codmun":1711,"departamento":"Pet\u00e9n","municipio_norm":"Melchor De Mencos"},{"coddep":17,"codmun":1712,"departamento":"Pet\u00e9n","municipio_norm":"Popt\u00fan"},{"coddep":17,"codmun":1713,"departamento":"Pet\u00e9n","municipio_norm":"Las Cruces"},{"coddep":17,"codmun":1714,"departamento":"Pet\u00e9n","municipio_norm":"El Chal"},{"coddep":18,"codmun":1801,"departamento":"Izabal","municipio_norm":"Puerto Barrios"},{"coddep":18,"codmun":1802,"departamento":"Izabal","municipio_norm":"Livingston"},{"coddep":18,"codmun":1803,"departamento":"Izabal","municipio_norm":"El Estor"},{"coddep":18,"codmun":1804,"departamento":"Izabal","municipio_norm":"Morales"},{"coddep":18,"codmun":1805,"departamento":"Izabal","municipio_norm":"Los Amates"},{"coddep":19,"codmun":1901,"departamento":"Zacapa","municipio_norm":"Zacapa"},{"coddep":19,"codmun":1902,"departamento":"Zacapa","municipio_norm":"Estanzuela"},{"coddep":19,"codmun":1903,"departamento":"Zacapa","municipio_norm":"R\u00edo Hondo"},{"coddep":19,"codmun":1904,"departamento":"Zacapa","municipio_norm":"Gual\u00e1n"},{"coddep":19,"codmun":1905,"departamento":"Zacapa","municipio_norm":"Teculut\u00e1n"},{"coddep":19,"codmun":1906,"departamento":"Zacapa","municipio_norm":"Usumatl\u00e1n"},{"coddep":19,"codmun":1907,"departamento":"Zacapa","municipio_norm":"Caba\u00f1as"},{"coddep":19,"codmun":1908,"departamento":"Zacapa","municipio_norm":"San Diego"},{"coddep":19,"codmun":1909,"departamento":"Zacapa","municipio_norm":"La Uni\u00f3n"},{"coddep":19,"codmun":1910,"departamento":"Zacapa","municipio_norm":"Huit\u00e9"},{"coddep":19,"codmun":1911,"departamento":"Zacapa","municipio_norm":"San Jorge"},{"coddep":20,"codmun":2001,"departamento":"Chiquimula","municipio_norm":"Chiquimula"},{"coddep":20,"codmun":2002,"departamento":"Chiquimula","municipio_norm":"San Jos\u00e9 La Arada"},{"coddep":20,"codmun":2003,"departamento":"Chiquimula","municipio_norm":"San Juan Ermita"},{"coddep":20,"codmun":2004,"departamento":"Chiquimula","municipio_norm":"Jocot\u00e1n"},{"coddep":20,"codmun":2005,"departamento":"Chiquimula","municipio_norm":"Camot\u00e1n"},{"coddep":20,"codmun":2006,"departamento":"Chiquimula","municipio_norm":"Olopa"},{"coddep":20,"codmun":2007,"departamento":"Chiquimula","municipio_norm":"Esquipulas"},{"coddep":20,"codmun":2008,"departamento":"Chiquimula","municipio_norm":"Concepci\u00f3n Las Minas"},{"coddep":20,"codmun":2009,"departamento":"Chiquimula","municipio_norm":"Quezaltepeque"},{"coddep":20,"codmun":2010,"departamento":"Chiquimula","municipio_norm":"San Jacinto"},{"coddep":20,"codmun":2011,"departamento":"Chiquimula","municipio_norm":"Ipala"},{"coddep":21,"codmun":2101,"departamento":"Jalapa","municipio_norm":"Jalapa"},{"coddep":21,"codmun":2102,"departamento":"Jalapa","municipio_norm":"San Pedro Pinula"},{"coddep":21,"codmun":2103,"departamento":"Jalapa","municipio_norm":"San Luis Jilotepeque"},{"coddep":21,"codmun":2104,"departamento":"Jalapa","municipio_norm":"San Manuel Chaparr\u00f3n"},{"coddep":21,"codmun":2105,"departamento":"Jalapa","municipio_norm":"San Carlos Alzatate"},{"coddep":21,"codmun":2106,"departamento":"Jalapa","municipio_norm":"Monjas"},{"coddep":21,"codmun":2107,"departamento":"Jalapa","municipio_norm":"Mataquescuintla"},{"coddep":22,"codmun":2201,"departamento":"Jutiapa","municipio_norm":"Jutiapa"},{"coddep":22,"codmun":2202,"departamento":"Jutiapa","municipio_norm":"El Progreso"},{"coddep":22,"codmun":2203,"departamento":"Jutiapa","municipio_norm":"Santa Catarina Mita"},{"coddep":22,"codmun":2204,"departamento":"Jutiapa","municipio_norm":"Agua Blanca"},{"coddep":22,"codmun":2205,"departamento":"Jutiapa","municipio_norm":"Asunci\u00f3n Mita"},{"coddep":22,"codmun":2206,"departamento":"Jutiapa","municipio_norm":"Yupiltepeque"},{"coddep":22,"codmun":2207,"departamento":"Jutiapa","municipio_norm":"Atescatempa"},{"coddep":22,"codmun":2208,"departamento":"Jutiapa","municipio_norm":"Jerez"},{"coddep":22,"codmun":2209,"departamento":"Jutiapa","municipio_norm":"El Adelanto"},{"coddep":22,"codmun":2210,"departamento":"Jutiapa","municipio_norm":"Zapotitl\u00e1n"},{"coddep":22,"codmun":2211,"departamento":"Jutiapa","municipio_norm":"Comapa"},{"coddep":22,"codmun":2212,"departamento":"Jutiapa","municipio_norm":"Jalpatagua"},{"coddep":22,"codmun":2213,"departamento":"Jutiapa","municipio_norm":"Conguaco"},{"coddep":22,"codmun":2214,"departamento":"Jutiapa","municipio_norm":"Moyuta"},{"coddep":22,"codmun":2215,"departamento":"Jutiapa","municipio_norm":"Pasaco"},{"coddep":22,"codmun":2216,"departamento":"Jutiapa","municipio_norm":"San Jos\u00e9 Acatempa"},{"coddep":22,"codmun":2217,"departamento":"Jutiapa","municipio_norm":"Quesada"}]